order_item_id,order_id,item_id,quantity,unit_price,line_total,custom_notes
1,352,9,3,8.87,26.61,
2,314,5,4,8.43,33.72,
3,262,9,4,5.87,23.48,
4,75,1,4,6.22,24.88,
5,19,6,1,7.88,7.88,almond milk
6,152,13,2,5.92,11.84,
7,31,13,1,7.8,7.8,oat milk
8,10,4,3,5.19,15.57,
9,43,15,4,7.5,30.0,extra hot
10,111,5,4,3.51,14.04,almond milk
11,91,1,4,2.56,10.24,
12,360,11,4,5.34,21.36,oat milk
13,189,3,3,3.55,10.65,
14,347,7,2,3.24,6.48,
15,372,10,4,3.75,15.0,
16,371,13,3,3.97,11.91,
17,225,12,3,7.65,22.95,
18,135,3,1,4.12,4.12,
19,63,14,4,3.14,12.56,no whip
20,90,5,1,2.48,2.48,(blank)
21,135,5,2,5.6,11.2,
22,339,3,2,7.66,15.32,almond milk
23,122,9,1,4.98,4.98,oat milk
24,10,12,2,7.86,15.72,
25,347,15,4,5.83,23.32,oat milk
26,141,2,2,4.97,9.94,
27,2,8,3,8.81,26.43,
28,181,13,3,5.29,15.87,
29,299,4,1,5.22,5.22,
30,173,12,2,3.34,6.68,extra hot
31,115,1,2,4.0,8.0,
32,328,6,2,5.42,10.84,
33,325,12,2,2.33,4.66,extra hot
34,288,4,4,6.75,27.0,toasted
35,10,8,3,3.06,9.18,
36,329,11,4,3.42,13.68,
37,29,10,4,4.92,19.68,almond milk
38,292,7,1,4.19,4.19,
39,317,5,4,3.62,14.48,
40,309,4,4,6.16,24.64,almond milk
41,53,15,4,6.34,25.36,oat milk
42,204,3,3,4.07,12.21,
43,252,3,3,3.05,9.15,
44,309,4,1,3.1,3.1,(blank)
45,8,13,1,8.62,8.62,
46,278,9,3,7.76,23.28,(blank)
47,380,3,1,8.41,8.41,oat milk
48,49,3,4,2.86,11.44,
49,208,14,2,2.82,5.64,
50,281,11,2,8.12,16.24,no whip
51,113,1,4,4.94,19.76,
52,306,13,1,2.07,2.07,
53,290,13,3,5.49,16.47,toasted
54,318,12,4,8.66,34.64,almond milk
55,246,2,3,8.7,26.1,
56,27,11,4,8.38,33.52,
57,390,3,4,3.78,15.12,
58,322,5,1,4.08,4.08,oat milk
59,157,10,1,4.97,4.97,
60,250,15,3,3.76,11.28,
61,387,14,4,3.27,13.08,
62,147,5,4,3.85,15.4,
63,247,13,3,8.03,24.09,extra hot
64,2,2,2,7.93,15.86,
65,161,3,2,7.65,15.3,
66,177,8,4,8.43,33.72,
67,153,10,4,4.93,19.72,no whip
68,329,5,1,4.95,4.95,(blank)
69,208,3,2,2.23,4.46,
70,22,6,2,2.02,4.04,
71,136,5,1,8.63,8.63,
72,94,2,4,6.62,26.48,toasted
73,20,14,4,4.0,16.0,no whip
74,181,15,2,6.3,12.6,
75,196,8,1,6.19,6.19,
76,312,7,1,6.69,6.69,almond milk
77,91,13,4,7.44,29.76,
78,368,2,1,8.28,8.28,almond milk
79,121,9,2,6.73,13.46,toasted
80,171,13,4,4.58,18.32,
81,123,10,2,5.47,10.94,almond milk
82,214,14,1,3.4,3.4,no whip
83,324,6,2,4.77,9.54,
84,166,8,1,8.31,8.31,
85,297,5,4,7.6,30.4,
86,271,2,3,2.61,7.83,
87,146,11,2,2.86,5.72,
88,138,12,4,3.21,12.84,oat milk
89,325,3,3,6.9,20.7,toasted
90,345,2,4,6.3,25.2,extra hot
91,104,7,2,4.45,8.9,
92,200,3,3,6.39,19.17,(blank)
93,363,10,2,3.88,7.76,
94,86,14,4,5.85,23.4,
95,26,5,2,2.24,4.48,
96,160,15,4,4.4,17.6,oat milk
97,168,3,4,4.7,18.8,toasted
98,346,14,3,5.81,17.43,
99,265,8,2,8.4,16.8,
100,320,11,3,6.5,19.5,
101,112,4,3,3.44,10.32,
102,202,5,4,3.52,14.08,
103,104,15,2,7.82,15.64,
104,215,4,3,2.33,6.99,toasted
105,3,8,4,3.65,14.6,
106,159,8,4,3.31,13.24,
107,306,15,2,2.43,4.86,
108,59,2,1,6.31,6.31,
109,235,3,4,6.53,26.12,
110,45,5,3,6.56,19.68,
111,136,3,1,5.98,5.98,extra hot
112,62,11,1,5.95,5.95,
113,267,1,2,5.02,10.04,
114,205,15,4,3.64,14.56,
115,312,9,3,8.51,25.53,toasted
116,85,15,2,5.19,10.38,
117,167,9,2,4.97,9.94,
118,307,5,1,8.9,8.9,
119,121,7,3,6.42,19.26,no whip
120,366,15,4,7.65,30.6,almond milk
121,171,10,3,5.83,17.49,
122,292,9,3,7.09,21.27,
123,372,15,4,5.94,23.76,
124,82,10,2,6.25,12.5,
125,141,10,2,5.88,11.76,
126,39,2,1,7.71,7.71,no whip
127,57,9,3,8.7,26.1,toasted
128,92,7,3,4.57,13.71,almond milk
129,9,5,2,5.59,11.18,
130,173,3,1,5.22,5.22,
131,242,1,1,4.25,4.25,almond milk
132,119,9,3,4.62,13.86,
133,41,13,3,6.46,19.38,oat milk
134,126,13,3,5.1,15.3,
135,277,3,4,7.0,28.0,
136,218,10,2,2.22,4.44,
137,330,10,1,6.51,6.51,
138,119,3,4,3.96,15.84,no whip
139,290,14,1,6.35,6.35,
140,201,4,4,7.14,28.56,
141,239,2,1,7.87,7.87,(blank)
142,242,15,1,2.69,2.69,
143,285,9,1,6.12,6.12,almond milk
144,94,9,2,8.62,17.24,
145,15,9,3,3.49,10.47,
146,36,15,3,2.03,6.09,(blank)
147,14,7,4,3.86,15.44,almond milk
148,39,10,4,8.26,33.04,
149,258,5,3,8.67,26.01,
150,299,13,2,6.4,12.8,
151,245,6,1,7.14,7.14,
152,341,6,4,4.89,19.56,
153,49,7,4,2.23,8.92,toasted
154,110,11,4,3.55,14.2,
155,140,4,4,3.92,15.68,
156,186,9,2,4.21,8.42,oat milk
157,67,5,4,5.04,20.16,
158,43,14,2,5.61,11.22,
159,236,13,3,8.3,24.9,
160,69,4,4,8.58,34.32,
161,289,1,2,3.67,7.34,
162,249,5,2,8.22,16.44,almond milk
163,231,1,4,2.97,11.88,
164,350,9,3,7.62,22.86,
165,8,10,2,2.29,4.58,almond milk
166,349,1,1,7.67,7.67,(blank)
167,359,13,2,6.23,12.46,
168,245,15,2,2.68,5.36,
169,370,12,4,4.97,19.88,
170,354,4,3,7.33,21.99,
171,327,15,2,4.56,9.12,
172,46,5,2,6.41,12.82,(blank)
173,20,10,4,8.16,32.64,
174,19,8,4,7.17,28.68,
175,309,12,3,6.0,18.0,
176,147,2,3,3.89,11.67,
177,195,7,2,5.89,11.78,
178,184,1,4,6.89,27.56,
179,344,13,3,7.76,23.28,
180,173,12,3,8.3,24.9,
181,39,8,2,4.8,9.6,
182,232,2,2,7.32,14.64,no whip
183,179,5,1,2.94,2.94,
184,159,8,2,8.05,16.1,
185,257,12,3,8.73,26.19,extra hot
186,379,12,3,4.57,13.71,toasted
187,209,14,4,3.37,13.48,
188,340,2,2,6.94,13.88,
189,361,10,4,7.74,30.96,
190,58,3,3,6.74,20.22,
191,259,11,2,8.44,16.88,
192,100,8,2,7.65,15.3,
193,122,11,2,5.61,11.22,
194,118,12,3,4.22,12.66,
195,234,9,2,6.35,12.7,
196,126,4,1,3.51,3.51,
197,284,4,1,6.71,6.71,oat milk
198,238,10,3,3.45,10.35,
199,32,7,4,4.17,16.68,
200,52,6,3,7.14,21.42,
201,100,10,1,8.75,8.75,extra hot
202,308,15,1,3.35,3.35,
203,194,3,3,3.69,11.07,
204,210,2,3,3.48,10.44,(blank)
205,387,11,2,3.05,6.1,
206,90,5,3,8.66,25.98,oat milk
207,221,4,1,4.44,4.44,toasted
208,172,15,2,5.11,10.22,
209,318,9,1,4.0,4.0,
210,244,6,1,4.84,4.84,
211,382,7,4,7.62,30.48,
212,324,14,2,4.07,8.14,almond milk
213,385,9,2,7.59,15.18,
214,274,13,2,6.43,12.86,
215,41,11,4,5.95,23.8,
216,316,1,4,3.1,12.4,
217,379,13,3,6.55,19.65,
218,382,8,2,2.65,5.3,
219,184,2,4,5.01,20.04,
220,396,2,2,5.07,10.14,
221,75,6,4,3.74,14.96,almond milk
222,60,11,3,3.74,11.22,
223,270,11,3,2.13,6.39,no whip
224,210,14,2,7.27,14.54,
225,394,15,3,3.2,9.6,
226,371,10,2,6.93,13.86,
227,310,6,3,7.38,22.14,
228,134,13,3,5.29,15.87,no whip
229,292,1,1,5.68,5.68,no whip
230,156,13,4,3.56,14.24,no whip
231,105,12,4,7.13,28.52,
232,108,3,4,2.04,8.16,
233,251,12,3,2.22,6.66,
234,280,10,2,5.93,11.86,
235,302,10,2,8.22,16.44,no whip
236,223,12,4,7.85,31.4,
237,71,12,4,3.57,14.28,extra hot
238,269,8,3,2.71,8.13,
239,223,15,2,5.37,10.74,
240,79,15,3,6.04,18.12,
241,220,13,2,5.8,11.6,
242,327,5,4,7.9,31.6,
243,35,13,2,2.05,4.1,
244,227,8,1,8.17,8.17,
245,227,15,4,3.95,15.8,
246,99,4,3,8.52,25.56,
247,317,12,2,3.96,7.92,extra hot
248,274,4,4,2.88,11.52,
249,2,11,3,8.85,26.55,oat milk
250,283,2,1,3.23,3.23,
251,299,1,3,2.08,6.24,
252,205,15,2,3.32,6.64,extra hot
253,347,4,3,7.68,23.04,
254,336,5,2,8.25,16.5,
255,119,7,1,7.12,7.12,
256,5,4,2,3.98,7.96,
257,397,9,4,3.05,12.2,
258,381,3,1,6.62,6.62,
259,5,1,2,8.84,17.68,(blank)
260,77,5,4,5.91,23.64,
261,11,6,3,6.92,20.76,
262,171,9,1,5.16,5.16,almond milk
263,132,3,1,7.4,7.4,
264,351,15,2,7.64,15.28,no whip
265,398,4,4,6.36,25.44,
266,364,9,3,3.78,11.34,
267,111,7,1,2.44,2.44,
268,41,14,4,6.27,25.08,
269,371,6,1,5.54,5.54,extra hot
270,202,4,1,3.31,3.31,
271,105,12,3,8.37,25.11,(blank)
272,195,12,3,3.87,11.61,
273,27,5,3,4.96,14.88,no whip
274,106,12,4,7.63,30.52,
275,254,12,4,2.57,10.28,
276,338,7,1,3.4,3.4,
277,41,12,2,6.35,12.7,
278,374,1,1,7.18,7.18,
279,72,7,4,4.01,16.04,
280,209,15,4,2.33,9.32,
281,97,14,4,7.99,31.96,
282,241,13,2,5.0,10.0,
283,400,7,3,3.22,9.66,
284,332,6,1,7.3,7.3,extra hot
285,325,7,1,3.09,3.09,
286,344,14,1,7.28,7.28,
287,112,4,1,6.2,6.2,toasted
288,240,14,1,6.68,6.68,
289,87,12,1,3.11,3.11,(blank)
290,34,1,1,5.46,5.46,
291,79,4,4,4.49,17.96,
292,277,5,4,7.25,29.0,
293,194,15,2,4.45,8.9,
294,345,8,1,7.58,7.58,
295,270,2,1,6.48,6.48,extra hot
296,270,1,3,4.72,14.16,
297,400,3,4,7.89,31.56,
298,101,12,2,4.45,8.9,
299,68,6,1,3.53,3.53,
300,192,9,4,5.35,21.4,
301,319,13,3,3.7,11.1,almond milk
302,176,9,1,4.69,4.69,
303,319,9,2,6.32,12.64,
304,279,12,1,4.97,4.97,
305,304,15,3,3.04,9.12,(blank)
306,120,10,4,6.11,24.44,
307,245,2,3,6.36,19.08,toasted
308,36,3,3,5.15,15.45,
309,257,2,3,4.91,14.73,
310,104,4,2,2.38,4.76,
311,395,5,3,4.35,13.05,
312,320,4,2,6.35,12.7,oat milk
313,31,8,4,7.79,31.16,
314,136,15,2,6.46,12.92,
315,143,7,4,8.97,35.88,
316,240,11,1,8.07,8.07,
317,114,14,2,7.88,15.76,
318,127,7,2,6.94,13.88,
319,56,4,2,3.62,7.24,
320,133,3,4,4.95,19.8,
321,50,3,4,2.95,11.8,
322,163,15,1,7.19,7.19,(blank)
323,342,11,1,3.58,3.58,no whip
324,92,3,4,5.33,21.32,
325,241,6,4,3.0,12.0,
326,117,2,1,6.2,6.2,extra hot
327,284,7,3,7.88,23.64,
328,14,7,4,5.55,22.2,
329,332,4,1,7.34,7.34,
330,124,7,1,5.05,5.05,
331,115,1,1,4.1,4.1,
332,153,8,1,2.25,2.25,
333,384,6,3,5.39,16.17,
334,289,2,2,4.47,8.94,
335,280,5,2,6.0,12.0,
336,317,1,3,8.48,25.44,
337,149,1,1,4.45,4.45,
338,27,2,4,7.04,28.16,
339,177,3,2,2.69,5.38,
340,369,1,2,7.4,14.8,
341,231,4,3,5.55,16.65,
342,237,5,1,4.54,4.54,extra hot
343,317,1,2,2.59,5.18,no whip
344,387,1,2,2.81,5.62,no whip
345,379,3,1,2.58,2.58,
346,249,13,1,5.91,5.91,almond milk
347,214,3,2,5.98,11.96,
348,304,14,3,4.52,13.56,almond milk
349,274,6,1,6.52,6.52,toasted
350,236,13,4,5.43,21.72,toasted
351,400,4,2,4.65,9.3,
352,19,14,3,7.54,22.62,
353,163,2,3,8.03,24.09,(blank)
354,297,7,4,4.55,18.2,
355,232,4,2,7.25,14.5,
356,39,3,2,5.23,10.46,almond milk
357,235,8,2,7.15,14.3,
358,210,8,4,6.85,27.4,
359,177,4,4,7.69,30.76,oat milk
360,168,14,3,8.84,26.52,no whip
361,343,4,3,2.6,7.8,
362,284,11,4,5.01,20.04,
363,85,12,1,7.24,7.24,no whip
364,195,14,2,3.34,6.68,almond milk
365,279,10,4,2.0,8.0,
366,5,10,3,3.6,10.8,
367,184,9,2,3.0,6.0,
368,116,15,1,6.01,6.01,
369,158,5,3,8.01,24.03,almond milk
370,14,11,3,4.41,13.23,
371,361,10,3,7.14,21.42,
372,177,4,2,7.52,15.04,
373,330,9,4,5.63,22.52,
374,343,15,1,8.86,8.86,oat milk
375,321,9,1,2.31,2.31,
376,60,8,2,7.27,14.54,(blank)
377,233,5,1,3.56,3.56,
378,222,7,3,2.2,6.6,
379,192,10,3,8.57,25.71,
380,25,4,2,7.37,14.74,oat milk
381,343,11,1,7.09,7.09,almond milk
382,305,15,3,4.6,13.8,
383,218,8,2,8.86,17.72,no whip
384,161,10,1,3.01,3.01,
385,354,1,4,4.14,16.56,
386,153,15,2,6.35,12.7,no whip
387,46,9,1,8.17,8.17,
388,59,14,3,5.07,15.21,
389,367,15,3,3.42,10.26,(blank)
390,334,13,1,6.13,6.13,oat milk
391,149,8,4,6.97,27.88,
392,129,6,1,4.83,4.83,
393,88,3,3,2.17,6.51,
394,108,4,1,8.99,8.99,oat milk
395,274,6,2,4.22,8.44,
396,240,2,1,2.01,2.01,
397,370,6,4,6.9,27.6,
398,68,14,4,8.98,35.92,
399,364,8,1,4.55,4.55,
400,277,1,3,4.26,12.78,
401,309,14,1,8.54,8.54,
402,138,9,2,2.49,4.98,
403,67,3,1,3.85,3.85,
404,298,2,2,3.67,7.34,no whip
405,2,12,1,7.67,7.67,
406,203,10,1,3.02,3.02,
407,319,10,2,6.99,13.98,extra hot
408,360,1,2,6.38,12.76,toasted
409,55,12,3,3.78,11.34,extra hot
410,184,5,1,7.39,7.39,
411,344,2,4,6.63,26.52,
412,385,1,3,2.81,8.43,
413,62,8,1,6.55,6.55,
414,274,1,2,3.55,7.1,
415,208,9,4,3.0,12.0,
416,44,2,1,6.79,6.79,
417,167,11,1,6.19,6.19,(blank)
418,399,10,3,7.73,23.19,almond milk
419,127,2,4,6.69,26.76,(blank)
420,255,7,3,6.54,19.62,
421,128,3,4,7.58,30.32,(blank)
422,379,9,2,8.7,17.4,
423,290,9,1,2.01,2.01,no whip
424,197,2,2,3.96,7.92,
425,304,3,2,8.18,16.36,
426,367,5,2,8.41,16.82,toasted
427,224,10,3,4.52,13.56,
428,290,7,4,8.93,35.72,
429,371,4,2,3.21,6.42,
430,212,1,3,2.15,6.45,toasted
431,124,4,2,5.03,10.06,
432,111,3,3,7.58,22.74,
433,100,13,2,5.09,10.18,(blank)
434,101,14,2,8.2,16.4,
435,58,13,1,3.46,3.46,
436,308,14,1,3.78,3.78,
437,275,13,3,6.01,18.03,
438,171,9,3,3.49,10.47,almond milk
439,320,3,1,2.83,2.83,(blank)
440,139,14,3,8.19,24.57,
441,298,1,4,2.06,8.24,
442,88,8,2,8.71,17.42,
443,66,12,2,8.36,16.72,
444,97,1,2,5.71,11.42,
445,255,11,4,6.98,27.92,
446,132,4,4,4.01,16.04,almond milk
447,258,3,2,2.39,4.78,(blank)
448,346,10,4,3.47,13.88,
449,120,7,3,5.27,15.81,toasted
450,263,6,2,4.53,9.06,extra hot
451,392,14,2,2.97,5.94,no whip
452,139,15,2,5.15,10.3,
453,212,6,1,2.98,2.98,
454,110,8,2,8.19,16.38,
455,290,9,2,4.51,9.02,
456,316,13,2,7.52,15.04,
457,213,6,1,2.61,2.61,toasted
458,26,6,1,8.29,8.29,
459,354,4,2,6.55,13.1,almond milk
460,223,15,1,7.88,7.88,toasted
461,48,13,1,5.38,5.38,
462,283,14,2,5.39,10.78,
463,158,12,1,5.39,5.39,(blank)
464,126,11,4,6.5,26.0,(blank)
465,364,9,2,6.26,12.52,
466,79,7,2,8.73,17.46,(blank)
467,399,12,1,4.26,4.26,
468,72,9,4,2.11,8.44,almond milk
469,170,8,1,4.92,4.92,
470,18,12,4,7.82,31.28,
471,309,4,2,7.26,14.52,
472,275,14,2,7.1,14.2,almond milk
473,218,13,1,6.33,6.33,(blank)
474,386,4,4,8.24,32.96,
475,107,9,1,5.4,5.4,
476,362,3,2,6.87,13.74,
477,326,7,2,8.05,16.1,
478,33,4,3,2.91,8.73,
479,251,12,3,5.18,15.54,
480,367,14,1,5.58,5.58,
481,195,5,3,6.31,18.93,
482,271,11,4,8.38,33.52,oat milk
483,61,10,4,5.31,21.24,almond milk
484,236,14,1,8.06,8.06,
485,60,9,4,6.22,24.88,
486,109,14,2,4.82,9.64,oat milk
487,164,10,4,6.57,26.28,no whip
488,61,15,2,2.02,4.04,oat milk
489,342,3,3,2.2,6.6,
490,266,7,1,2.12,2.12,
491,295,7,4,5.17,20.68,
492,61,2,3,3.39,10.17,oat milk
493,83,11,2,2.77,5.54,
494,363,6,3,5.16,15.48,no whip
495,33,3,2,7.82,15.64,
496,324,12,3,6.23,18.69,
497,43,5,1,7.98,7.98,
498,354,3,2,7.06,14.12,almond milk
499,194,10,1,6.97,6.97,toasted
500,351,11,3,8.14,24.42,
501,298,12,2,6.68,13.36,
502,362,13,3,4.84,14.52,(blank)
503,256,13,1,2.58,2.58,no whip
504,333,8,1,3.24,3.24,extra hot
505,245,10,2,2.14,4.28,
506,173,13,1,7.44,7.44,
507,170,5,4,3.83,15.32,
508,75,9,3,3.77,11.31,
509,258,1,3,8.53,25.59,
510,58,9,4,3.87,15.48,almond milk
511,59,5,3,2.67,8.01,
512,192,6,2,5.88,11.76,
513,48,10,3,5.94,17.82,
514,382,11,2,6.13,12.26,
515,38,10,3,6.87,20.61,
516,152,8,4,8.31,33.24,
517,109,2,1,5.56,5.56,toasted
518,142,8,1,5.84,5.84,
519,124,1,3,3.89,11.67,almond milk
520,334,2,1,8.07,8.07,
521,142,15,2,7.56,15.12,
522,299,1,1,4.37,4.37,
523,13,13,2,3.21,6.42,
524,146,8,1,3.93,3.93,
525,12,2,3,5.99,17.97,
526,354,5,2,5.57,11.14,
527,318,3,3,3.34,10.02,
528,321,4,4,8.21,32.84,toasted
529,312,2,2,5.54,11.08,
530,276,3,3,5.34,16.02,
531,201,3,4,7.87,31.48,
532,3,5,3,3.9,11.7,
533,147,1,3,2.14,6.42,no whip
534,14,9,1,3.06,3.06,
535,93,4,2,4.26,8.52,
536,214,1,4,5.3,21.2,
537,239,3,1,5.73,5.73,
538,57,13,2,8.91,17.82,
539,265,6,3,2.33,6.99,(blank)
540,397,9,2,6.01,12.02,
541,224,11,3,4.38,13.14,
542,130,5,1,3.61,3.61,
543,342,14,3,2.85,8.55,
544,63,14,4,4.33,17.32,
545,266,4,4,2.9,11.6,
546,147,1,2,8.77,17.54,toasted
547,336,10,1,7.02,7.02,extra hot
548,133,15,4,2.35,9.4,
549,103,6,4,4.87,19.48,almond milk
550,331,13,1,8.46,8.46,
551,366,2,3,4.24,12.72,
552,313,8,2,7.37,14.74,
553,174,11,1,3.21,3.21,(blank)
554,379,2,1,4.68,4.68,no whip
555,157,12,2,4.05,8.1,almond milk
556,365,4,3,3.24,9.72,
557,191,6,3,4.6,13.8,
558,265,15,2,7.4,14.8,toasted
559,370,3,4,3.65,14.6,almond milk
560,144,13,4,3.27,13.08,(blank)
561,371,13,3,4.42,13.26,
562,327,10,2,8.59,17.18,
563,140,3,1,7.58,7.58,
564,247,7,3,3.22,9.66,oat milk
565,307,8,4,6.68,26.72,
566,150,6,1,5.58,5.58,
567,267,6,4,2.18,8.72,
568,196,12,2,2.52,5.04,
569,47,1,4,5.23,20.92,oat milk
570,195,11,4,3.82,15.28,
571,242,14,4,4.42,17.68,(blank)
572,275,13,1,7.51,7.51,extra hot
573,169,1,3,8.82,26.46,no whip
574,202,5,4,8.01,32.04,
575,326,6,3,5.85,17.55,
576,74,6,4,5.37,21.48,
577,164,6,4,3.08,12.32,
578,173,14,3,7.78,23.34,almond milk
579,149,5,4,2.85,11.4,
580,43,13,4,2.82,11.28,
581,72,12,3,3.89,11.67,
582,333,4,1,6.39,6.39,no whip
583,296,13,3,4.51,13.53,
584,272,4,2,3.16,6.32,
585,296,5,3,6.36,19.08,no whip
586,373,9,2,7.61,15.22,
587,341,4,2,3.2,6.4,
588,223,3,4,5.87,23.48,extra hot
589,118,6,3,3.91,11.73,
590,41,5,1,3.93,3.93,
591,201,4,2,8.8,17.6,
592,280,3,4,7.06,28.24,
593,15,1,1,5.32,5.32,
594,105,7,4,8.43,33.72,
595,244,7,4,6.44,25.76,toasted
596,195,15,2,3.17,6.34,
597,134,9,1,7.64,7.64,
598,98,2,4,5.89,23.56,(blank)
599,46,14,3,5.75,17.25,
600,42,11,4,4.83,19.32,oat milk
601,393,15,3,6.99,20.97,toasted
602,223,5,4,5.45,21.8,
603,64,3,1,5.8,5.8,
604,267,7,1,7.64,7.64,
605,256,13,3,5.33,15.99,
606,377,8,4,3.2,12.8,
607,98,13,4,8.87,35.48,toasted
608,119,3,4,2.3,9.2,no whip
609,35,15,1,7.08,7.08,
610,212,12,2,2.65,5.3,
611,232,12,1,7.66,7.66,(blank)
612,16,11,2,5.05,10.1,
613,386,5,2,3.01,6.02,almond milk
614,251,4,4,3.76,15.04,
615,52,14,4,3.9,15.6,
616,244,2,1,5.73,5.73,
617,21,13,1,2.96,2.96,
618,331,8,1,6.43,6.43,
619,252,4,2,4.32,8.64,
620,10,5,1,4.51,4.51,
621,25,12,1,5.56,5.56,
622,86,6,1,5.41,5.41,
623,151,15,1,3.68,3.68,
624,79,5,2,5.28,10.56,
625,344,11,4,2.3,9.2,toasted
626,74,15,2,7.7,15.4,extra hot
627,65,12,1,5.36,5.36,
628,212,11,3,8.77,26.31,
629,80,14,1,3.16,3.16,(blank)
630,196,1,4,6.32,25.28,
631,164,6,4,5.18,20.72,
632,61,4,2,3.78,7.56,
633,346,12,2,2.37,4.74,
634,207,13,2,7.46,14.92,no whip
635,148,10,2,6.16,12.32,no whip
636,45,8,1,4.04,4.04,
637,89,10,2,4.27,8.54,
638,312,13,1,4.42,4.42,
639,56,6,2,7.49,14.98,oat milk
640,229,4,2,2.5,5.0,
641,6,8,2,7.29,14.58,no whip
642,246,1,4,7.54,30.16,
643,372,12,4,2.93,11.72,
644,289,2,1,3.57,3.57,
645,249,5,3,6.01,18.03,toasted
646,324,1,2,5.36,10.72,(blank)
647,265,1,3,6.86,20.58,
648,142,13,1,7.02,7.02,
649,291,15,1,8.7,8.7,oat milk
650,385,15,2,7.88,15.76,
651,117,5,3,6.59,19.77,
652,252,7,1,5.25,5.25,
653,216,1,2,6.08,12.16,
654,332,7,4,6.26,25.04,(blank)
655,155,7,4,8.63,34.52,
656,400,13,2,8.24,16.48,
657,308,12,1,4.49,4.49,no whip
658,359,10,2,6.71,13.42,
659,182,15,3,2.04,6.12,
660,142,13,4,4.36,17.44,
661,108,7,2,4.6,9.2,
662,241,6,4,4.08,16.32,(blank)
663,187,2,4,4.78,19.12,
664,29,2,4,8.76,35.04,
665,211,4,3,8.89,26.67,
666,314,3,2,3.42,6.84,
667,182,7,3,2.03,6.09,toasted
668,325,13,1,3.93,3.93,
669,356,10,2,5.92,11.84,
670,319,12,1,2.78,2.78,
671,151,9,3,8.74,26.22,almond milk
672,255,8,3,2.87,8.61,
673,22,13,2,8.46,16.92,
674,123,10,3,3.84,11.52,
675,362,6,1,3.15,3.15,
676,40,10,4,8.74,34.96,
677,144,1,2,5.63,11.26,
678,171,11,4,5.6,22.4,
679,315,10,1,2.6,2.6,
680,365,8,2,3.0,6.0,
681,381,8,1,7.1,7.1,
682,281,11,2,4.49,8.98,toasted
683,164,8,4,3.69,14.76,oat milk
684,175,12,1,4.48,4.48,
685,225,3,1,3.63,3.63,
686,303,8,1,4.15,4.15,
687,64,2,4,7.67,30.68,
688,87,11,2,5.68,11.36,(blank)
689,149,14,2,2.51,5.02,oat milk
690,47,5,2,8.47,16.94,almond milk
691,290,11,2,7.08,14.16,
692,97,14,1,3.58,3.58,
693,3,9,1,4.3,4.3,
694,229,9,1,8.49,8.49,
695,206,8,3,7.14,21.42,extra hot
696,152,14,4,2.39,9.56,extra hot
697,319,3,1,2.63,2.63,
698,162,11,3,5.11,15.33,(blank)
699,295,15,3,7.67,23.01,
700,141,11,2,7.57,15.14,
701,350,15,3,3.7,11.1,
702,74,13,3,2.2,6.6,
703,298,9,1,8.8,8.8,
704,19,12,2,6.43,12.86,
705,400,15,3,7.3,21.9,extra hot
706,89,9,1,8.36,8.36,(blank)
707,287,2,2,5.29,10.58,no whip
708,80,7,3,6.34,19.02,
709,312,4,1,5.08,5.08,
710,164,7,4,6.91,27.64,
711,319,10,4,8.35,33.4,
712,290,9,1,7.38,7.38,
713,310,1,3,5.38,16.14,(blank)
714,70,10,1,3.79,3.79,
715,253,12,3,7.17,21.51,oat milk
716,167,11,4,8.47,33.88,
717,126,15,2,6.57,13.14,extra hot
718,16,6,3,4.72,14.16,
719,241,9,2,8.26,16.52,
720,160,13,3,5.41,16.23,
721,241,11,4,4.7,18.8,
722,30,11,3,8.15,24.45,extra hot
723,230,12,3,6.28,18.84,
724,108,14,4,6.98,27.92,extra hot
725,25,2,3,5.86,17.58,
726,190,8,4,5.77,23.08,toasted
727,302,14,1,7.05,7.05,
728,21,5,1,8.77,8.77,
729,210,6,1,4.27,4.27,
730,202,14,1,3.01,3.01,toasted
731,15,14,3,6.55,19.65,
732,338,5,4,3.38,13.52,
733,394,6,1,4.24,4.24,almond milk
734,262,6,3,7.78,23.34,
735,275,9,2,7.14,14.28,
736,219,5,4,8.31,33.24,(blank)
737,90,8,2,4.81,9.62,
738,222,5,3,2.1,6.3,
739,190,8,1,5.06,5.06,
740,195,13,4,4.69,18.76,almond milk
741,349,1,4,4.59,18.36,
742,35,8,4,2.09,8.36,oat milk
743,40,4,1,6.97,6.97,
744,56,4,2,3.75,7.5,no whip
745,65,8,4,3.67,14.68,
746,351,14,4,2.19,8.76,extra hot
747,365,9,1,5.47,5.47,
748,140,4,1,7.83,7.83,
749,210,1,3,3.81,11.43,
750,322,3,2,6.21,12.42,
751,109,3,4,7.62,30.48,
752,305,13,3,3.59,10.77,
753,65,4,4,6.2,24.8,oat milk
754,372,15,1,5.35,5.35,
755,108,6,2,5.9,11.8,
756,298,12,1,6.19,6.19,
757,154,9,1,6.79,6.79,
758,291,5,3,3.27,9.81,
759,207,12,4,2.11,8.44,
760,130,15,4,4.15,16.6,
761,122,5,2,6.04,12.08,
762,147,7,4,7.13,28.52,oat milk
763,377,13,1,2.77,2.77,
764,9,3,4,3.66,14.64,
765,234,2,1,6.96,6.96,
766,114,10,1,7.58,7.58,
767,323,12,3,7.79,23.37,
768,382,13,4,8.64,34.56,
769,31,7,4,4.02,16.08,
770,196,6,2,8.34,16.68,
771,360,4,2,6.75,13.5,
772,167,12,1,2.16,2.16,almond milk
773,45,3,4,2.94,11.76,
774,273,5,2,7.11,14.22,almond milk
775,175,2,3,5.64,16.92,
776,95,7,2,5.58,11.16,
777,121,14,3,4.2,12.6,
778,203,9,2,7.98,15.96,
779,392,15,1,8.08,8.08,
780,300,8,1,4.68,4.68,
781,227,5,3,8.69,26.07,
782,241,4,4,6.33,25.32,(blank)
783,384,5,2,7.6,15.2,
784,385,8,1,5.09,5.09,
785,216,8,3,6.9,20.7,
786,35,4,2,6.48,12.96,
787,329,1,1,8.29,8.29,toasted
788,24,7,1,8.63,8.63,
789,8,5,4,3.37,13.48,no whip
790,86,2,2,3.92,7.84,
791,48,8,2,7.12,14.24,no whip
792,308,3,4,8.15,32.6,
793,290,1,3,8.46,25.38,
794,172,3,1,7.77,7.77,
795,312,2,1,8.73,8.73,
796,1,15,3,6.17,18.51,
797,203,15,1,4.59,4.59,
798,183,7,4,6.52,26.08,
799,397,14,4,3.41,13.64,
800,396,10,3,2.66,7.98,
